product1,product2,total_countries,countries_correlation,percentage
Bread,Bread,20,0,0.0
Bread,Rice,18,1,5.555555555555555
Bread,Wage,5,0,0.0
Bread,Fuel(diesel),10,0,0.0
Bread,Beans,15,2,13.333333333333334
Bread,Potatoes,12,1,8.333333333333334
Bread,Eggs,11,2,18.181818181818183
Bread,Meat,14,4,28.571428571428573
Bread,Sugar,15,3,20.0
Bread,Lentils,6,0,0.0
Bread,Pasta,8,1,12.5
Bread,Tomatoes,9,1,11.11111111111111
Bread,Oil,18,6,33.333333333333336
Bread,Cheese,7,1,14.285714285714286
Bread,Carrots,5,0,0.0
Bread,Onions,9,1,11.11111111111111
Bread,Bananas,6,1,16.666666666666668
Bread,Tea,7,0,0.0
Bread,Fuel(petrol-gasoline),10,0,0.0
Bread,Fish,9,1,11.11111111111111
Bread,Apples,6,0,0.0
Bread,Milk,11,3,27.272727272727273
Bread,Flour,13,5,38.46153846153846
Bread,Cabbage,6,0,0.0
Bread,Maize,7,2,28.571428571428573
Bread,Groundnuts,5,0,0.0
Bread,Salt,9,3,33.333333333333336
Bread,Chickpeas,6,1,16.666666666666668
Wheat,Wheat,15,0,0.0
Wheat,Rice,13,3,23.076923076923077
Wheat,Wage,5,0,0.0
Wheat,Fuel(diesel),7,1,14.285714285714286
Wheat,Beans,8,0,0.0
Wheat,Potatoes,5,0,0.0
Wheat,Eggs,6,1,16.666666666666668
Wheat,Meat,5,1,20.0
Wheat,Sugar,10,1,10.0
Wheat,Oil,10,4,40.0
Wheat,Onions,5,0,0.0
Wheat,Fuel(petrol-gasoline),6,0,0.0
Wheat,Milk,7,2,28.571428571428573
Wheat,Flour,8,3,37.5
Wheat,Sorghum,7,1,14.285714285714286
Wheat,Maize,7,2,28.571428571428573
Wheat,Peas,5,0,0.0
Wheat,Salt,6,1,16.666666666666668
Rice,Bread,18,1,5.555555555555555
Rice,Wheat,13,3,23.076923076923077
Rice,Rice,66,0,0.0
Rice,Wage,11,1,9.090909090909092
Rice,Livestock,6,0,0.0
Rice,Fuel(diesel),22,5,22.727272727272727
Rice,Exchangerate,8,0,0.0
Rice,Beans,38,7,18.42105263157895
Rice,Potatoes,20,0,0.0
Rice,Eggs,22,4,18.181818181818183
Rice,Meat,30,4,13.333333333333334
Rice,Sugar,34,8,23.529411764705884
Rice,Lentils,15,2,13.333333333333334
Rice,Pasta,14,3,21.428571428571427
Rice,Tomatoes,17,0,0.0
Rice,Oil,41,13,31.70731707317073
Rice,Cheese,10,0,0.0
Rice,Carrots,9,0,0.0
Rice,Onions,18,0,0.0
Rice,Bananas,8,0,0.0
Rice,Tea,8,1,12.5
Rice,Fuel(petrol-gasoline),20,0,0.0
Rice,Fish,15,0,0.0
Rice,Apples,9,0,0.0
Rice,Milk,18,1,5.555555555555555
Rice,Flour,37,9,24.324324324324323
Rice,Cabbage,10,0,0.0
Rice,Cucumbers,7,0,0.0
Rice,Fuel(kerosene),7,1,14.285714285714286
Rice,Sorghum,19,3,15.789473684210526
Rice,Maize,35,10,28.571428571428573
Rice,Millet,12,3,25.0
Rice,Sweetpotatoes,5,0,0.0
Rice,Groundnuts,14,2,14.285714285714286
Rice,Peas,8,0,0.0
Rice,Cassava,12,1,8.333333333333334
Rice,Garlic,9,0,0.0
Rice,Plantains,6,0,0.0
Rice,Salt,17,3,17.647058823529413
Rice,Chickpeas,8,1,12.5
Rice,Oranges,6,0,0.0
Rice,Spinach,5,0,0.0
Wage,Bread,5,0,0.0
Wage,Wheat,5,0,0.0
Wage,Rice,11,1,9.090909090909092
Wage,Wage,11,0,0.0
Wage,Fuel(diesel),9,1,11.11111111111111
Wage,Beans,7,0,0.0
Wage,Potatoes,6,0,0.0
Wage,Eggs,6,0,0.0
Wage,Meat,8,0,0.0
Wage,Sugar,7,0,0.0
Wage,Lentils,5,0,0.0
Wage,Tomatoes,5,0,0.0
Wage,Oil,10,0,0.0
Wage,Onions,6,0,0.0
Wage,Fuel(petrol-gasoline),7,1,14.285714285714286
Wage,Milk,5,0,0.0
Wage,Flour,7,1,14.285714285714286
Wage,Salt,8,0,0.0
Wage,Chickpeas,5,0,0.0
Livestock,Rice,6,0,0.0
Livestock,Livestock,6,0,0.0
Fuel(diesel),Bread,10,0,0.0
Fuel(diesel),Wheat,7,1,14.285714285714286
Fuel(diesel),Rice,22,5,22.727272727272727
Fuel(diesel),Wage,9,1,11.11111111111111
Fuel(diesel),Fuel(diesel),24,0,0.0
Fuel(diesel),Exchangerate,8,0,0.0
Fuel(diesel),Beans,15,2,13.333333333333334
Fuel(diesel),Potatoes,11,0,0.0
Fuel(diesel),Eggs,12,0,0.0
Fuel(diesel),Meat,15,2,13.333333333333334
Fuel(diesel),Sugar,16,0,0.0
Fuel(diesel),Lentils,7,0,0.0
Fuel(diesel),Pasta,8,1,12.5
Fuel(diesel),Tomatoes,8,0,0.0
Fuel(diesel),Oil,21,3,14.285714285714286
Fuel(diesel),Cheese,5,1,20.0
Fuel(diesel),Carrots,7,0,0.0
Fuel(diesel),Onions,10,0,0.0
Fuel(diesel),Tea,5,0,0.0
Fuel(diesel),Fuel(petrol-gasoline),20,7,35.0
Fuel(diesel),Fish,7,2,28.571428571428573
Fuel(diesel),Apples,5,0,0.0
Fuel(diesel),Milk,12,1,8.333333333333334
Fuel(diesel),Flour,16,7,43.75
Fuel(diesel),Cabbage,6,0,0.0
Fuel(diesel),Fuel(kerosene),6,0,0.0
Fuel(diesel),Sorghum,6,1,16.666666666666668
Fuel(diesel),Maize,13,1,7.6923076923076925
Fuel(diesel),Peas,6,1,16.666666666666668
Fuel(diesel),Cassava,6,1,16.666666666666668
Fuel(diesel),Salt,10,0,0.0
Exchangerate,Rice,8,0,0.0
Exchangerate,Fuel(diesel),8,0,0.0
Exchangerate,Exchangerate,9,0,0.0
Exchangerate,Oil,6,0,0.0
Exchangerate,Fuel(petrol-gasoline),6,0,0.0
Exchangerate,Flour,6,0,0.0
Exchangerate,Maize,6,0,0.0
Beans,Bread,15,2,13.333333333333334
Beans,Wheat,8,0,0.0
Beans,Rice,38,7,18.42105263157895
Beans,Wage,7,0,0.0
Beans,Fuel(diesel),15,2,13.333333333333334
Beans,Beans,43,0,0.0
Beans,Potatoes,14,0,0.0
Beans,Eggs,15,0,0.0
Beans,Meat,19,0,0.0
Beans,Sugar,21,3,14.285714285714286
Beans,Lentils,10,1,10.0
Beans,Pasta,11,1,9.090909090909092
Beans,Tomatoes,13,1,7.6923076923076925
Beans,Oil,28,1,3.5714285714285716
Beans,Cheese,8,0,0.0
Beans,Carrots,7,0,0.0
Beans,Onions,13,0,0.0
Beans,Bananas,7,0,0.0
Beans,Tea,6,0,0.0
Beans,Fuel(petrol-gasoline),15,1,6.666666666666667
Beans,Fish,11,1,9.090909090909092
Beans,Apples,7,0,0.0
Beans,Milk,13,1,7.6923076923076925
Beans,Flour,29,5,17.24137931034483
Beans,Cabbage,8,0,0.0
Beans,Cucumbers,5,1,20.0
Beans,Fuel(kerosene),5,0,0.0
Beans,Sorghum,18,4,22.22222222222222
Beans,Maize,30,4,13.333333333333334
Beans,Millet,12,2,16.666666666666668
Beans,Sweetpotatoes,5,0,0.0
Beans,Groundnuts,15,2,13.333333333333334
Beans,Peas,9,1,11.11111111111111
Beans,Cassava,10,1,10.0
Beans,Garlic,7,1,14.285714285714286
Beans,Salt,13,2,15.384615384615385
Beans,Chickpeas,6,0,0.0
Beans,Oranges,5,0,0.0
Beans,Spinach,5,0,0.0
Potatoes,Bread,12,1,8.333333333333334
Potatoes,Wheat,5,0,0.0
Potatoes,Rice,20,0,0.0
Potatoes,Wage,6,0,0.0
Potatoes,Fuel(diesel),11,0,0.0
Potatoes,Beans,14,0,0.0
Potatoes,Potatoes,22,0,0.0
Potatoes,Eggs,16,1,6.25
Potatoes,Meat,18,1,5.555555555555555
Potatoes,Sugar,18,0,0.0
Potatoes,Lentils,9,0,0.0
Potatoes,Pasta,8,1,12.5
Potatoes,Tomatoes,15,1,6.666666666666667
Potatoes,Oil,18,1,5.555555555555555
Potatoes,Cheese,8,1,12.5
Potatoes,Carrots,9,0,0.0
Potatoes,Onions,17,2,11.764705882352942
Potatoes,Bananas,8,1,12.5
Potatoes,Tea,7,0,0.0
Potatoes,Fuel(petrol-gasoline),12,0,0.0
Potatoes,Fish,9,0,0.0
Potatoes,Apples,9,0,0.0
Potatoes,Milk,15,1,6.666666666666667
Potatoes,Flour,15,0,0.0
Potatoes,Cabbage,9,0,0.0
Potatoes,Cucumbers,6,0,0.0
Potatoes,Maize,10,0,0.0
Potatoes,Groundnuts,5,0,0.0
Potatoes,Peas,6,0,0.0
Potatoes,Garlic,8,0,0.0
Potatoes,Salt,11,2,18.181818181818183
Potatoes,Chickpeas,6,0,0.0
Potatoes,Oranges,6,0,0.0
Eggs,Bread,11,2,18.181818181818183
Eggs,Wheat,6,1,16.666666666666668
Eggs,Rice,22,4,18.181818181818183
Eggs,Wage,6,0,0.0
Eggs,Fuel(diesel),12,0,0.0
Eggs,Beans,15,0,0.0
Eggs,Potatoes,16,1,6.25
Eggs,Eggs,22,0,0.0
Eggs,Meat,20,3,15.0
Eggs,Sugar,19,2,10.526315789473685
Eggs,Lentils,11,1,9.090909090909092
Eggs,Pasta,9,1,11.11111111111111
Eggs,Tomatoes,13,1,7.6923076923076925
Eggs,Oil,19,4,21.05263157894737
Eggs,Cheese,9,1,11.11111111111111
Eggs,Carrots,9,0,0.0
Eggs,Onions,15,1,6.666666666666667
Eggs,Bananas,8,1,12.5
Eggs,Tea,6,0,0.0
Eggs,Fuel(petrol-gasoline),14,0,0.0
Eggs,Fish,10,0,0.0
Eggs,Apples,9,1,11.11111111111111
Eggs,Milk,15,3,20.0
Eggs,Flour,14,1,7.142857142857143
Eggs,Cabbage,10,0,0.0
Eggs,Cucumbers,7,0,0.0
Eggs,Maize,7,1,14.285714285714286
Eggs,Peas,6,0,0.0
Eggs,Garlic,8,0,0.0
Eggs,Salt,10,2,20.0
Eggs,Chickpeas,6,0,0.0
Eggs,Oranges,6,0,0.0
Eggs,Spinach,5,0,0.0
Meat,Bread,14,4,28.571428571428573
Meat,Wheat,5,1,20.0
Meat,Rice,30,4,13.333333333333334
Meat,Wage,8,0,0.0
Meat,Fuel(diesel),15,2,13.333333333333334
Meat,Beans,19,0,0.0
Meat,Potatoes,18,1,5.555555555555555
Meat,Eggs,20,3,15.0
Meat,Meat,30,0,0.0
Meat,Sugar,21,5,23.80952380952381
Meat,Lentils,10,0,0.0
Meat,Pasta,11,3,27.272727272727273
Meat,Tomatoes,15,1,6.666666666666667
Meat,Oil,27,4,14.814814814814815
Meat,Cheese,10,1,10.0
Meat,Carrots,9,0,0.0
Meat,Onions,15,1,6.666666666666667
Meat,Bananas,8,1,12.5
Meat,Tea,7,1,14.285714285714286
Meat,Fuel(petrol-gasoline),14,1,7.142857142857143
Meat,Fish,15,3,20.0
Meat,Apples,9,1,11.11111111111111
Meat,Milk,16,5,31.25
Meat,Flour,20,2,10.0
Meat,Cabbage,10,0,0.0
Meat,Cucumbers,7,0,0.0
Meat,Maize,14,2,14.285714285714286
Meat,Groundnuts,9,0,0.0
Meat,Peas,5,0,0.0
Meat,Cassava,8,0,0.0
Meat,Garlic,9,0,0.0
Meat,Plantains,5,1,20.0
Meat,Salt,13,3,23.076923076923077
Meat,Chickpeas,8,0,0.0
Meat,Oranges,6,0,0.0
Meat,Spinach,5,0,0.0
Sugar,Bread,15,3,20.0
Sugar,Wheat,10,1,10.0
Sugar,Rice,34,8,23.529411764705884
Sugar,Wage,7,0,0.0
Sugar,Fuel(diesel),16,0,0.0
Sugar,Beans,21,3,14.285714285714286
Sugar,Potatoes,18,0,0.0
Sugar,Eggs,19,2,10.526315789473685
Sugar,Meat,21,5,23.80952380952381
Sugar,Sugar,36,0,0.0
Sugar,Lentils,14,2,14.285714285714286
Sugar,Pasta,13,2,15.384615384615385
Sugar,Tomatoes,14,1,7.142857142857143
Sugar,Oil,32,6,18.75
Sugar,Cheese,10,1,10.0
Sugar,Carrots,7,0,0.0
Sugar,Onions,14,0,0.0
Sugar,Bananas,7,1,14.285714285714286
Sugar,Tea,8,1,12.5
Sugar,Fuel(petrol-gasoline),17,2,11.764705882352942
Sugar,Fish,12,0,0.0
Sugar,Apples,8,0,0.0
Sugar,Milk,17,4,23.529411764705884
Sugar,Flour,27,3,11.11111111111111
Sugar,Cabbage,8,0,0.0
Sugar,Cucumbers,6,1,16.666666666666668
Sugar,Fuel(kerosene),6,1,16.666666666666668
Sugar,Sorghum,7,0,0.0
Sugar,Maize,13,1,7.6923076923076925
Sugar,Groundnuts,6,1,16.666666666666668
Sugar,Peas,6,0,0.0
Sugar,Garlic,6,1,16.666666666666668
Sugar,Salt,16,3,18.75
Sugar,Chickpeas,7,1,14.285714285714286
Sugar,Oranges,5,0,0.0
Lentils,Bread,6,0,0.0
Lentils,Rice,15,2,13.333333333333334
Lentils,Wage,5,0,0.0
Lentils,Fuel(diesel),7,0,0.0
Lentils,Beans,10,1,10.0
Lentils,Potatoes,9,0,0.0
Lentils,Eggs,11,1,9.090909090909092
Lentils,Meat,10,0,0.0
Lentils,Sugar,14,2,14.285714285714286
Lentils,Lentils,15,0,0.0
Lentils,Pasta,9,0,0.0
Lentils,Tomatoes,11,0,0.0
Lentils,Oil,14,2,14.285714285714286
Lentils,Cheese,9,0,0.0
Lentils,Onions,9,0,0.0
Lentils,Bananas,5,0,0.0
Lentils,Tea,5,1,20.0
Lentils,Fuel(petrol-gasoline),8,0,0.0
Lentils,Fish,8,0,0.0
Lentils,Apples,6,0,0.0
Lentils,Milk,10,1,10.0
Lentils,Flour,12,1,8.333333333333334
Lentils,Cucumbers,6,0,0.0
Lentils,Salt,8,1,12.5
Lentils,Chickpeas,6,0,0.0
Pasta,Bread,8,1,12.5
Pasta,Rice,14,3,21.428571428571427
Pasta,Fuel(diesel),8,1,12.5
Pasta,Beans,11,1,9.090909090909092
Pasta,Potatoes,8,1,12.5
Pasta,Eggs,9,1,11.11111111111111
Pasta,Meat,11,3,27.272727272727273
Pasta,Sugar,13,2,15.384615384615385
Pasta,Lentils,9,0,0.0
Pasta,Pasta,14,0,0.0
Pasta,Tomatoes,9,1,11.11111111111111
Pasta,Oil,13,2,15.384615384615385
Pasta,Cheese,9,1,11.11111111111111
Pasta,Onions,8,1,12.5
Pasta,Bananas,5,1,20.0
Pasta,Fuel(petrol-gasoline),7,2,28.571428571428573
Pasta,Fish,7,0,0.0
Pasta,Apples,5,0,0.0
Pasta,Milk,10,1,10.0
Pasta,Flour,11,4,36.36363636363637
Pasta,Cabbage,5,0,0.0
Pasta,Cucumbers,5,0,0.0
Pasta,Salt,5,2,40.0
Pasta,Chickpeas,5,0,0.0
Tomatoes,Bread,9,1,11.11111111111111
Tomatoes,Rice,17,0,0.0
Tomatoes,Wage,5,0,0.0
Tomatoes,Fuel(diesel),8,0,0.0
Tomatoes,Beans,13,1,7.6923076923076925
Tomatoes,Potatoes,15,1,6.666666666666667
Tomatoes,Eggs,13,1,7.6923076923076925
Tomatoes,Meat,15,1,6.666666666666667
Tomatoes,Sugar,14,1,7.142857142857143
Tomatoes,Lentils,11,0,0.0
Tomatoes,Pasta,9,1,11.11111111111111
Tomatoes,Tomatoes,17,0,0.0
Tomatoes,Oil,15,2,13.333333333333334
Tomatoes,Cheese,10,1,10.0
Tomatoes,Carrots,6,0,0.0
Tomatoes,Onions,14,1,7.142857142857143
Tomatoes,Bananas,8,1,12.5
Tomatoes,Tea,6,0,0.0
Tomatoes,Fuel(petrol-gasoline),8,0,0.0
Tomatoes,Fish,11,0,0.0
Tomatoes,Apples,8,0,0.0
Tomatoes,Milk,11,2,18.181818181818183
Tomatoes,Flour,12,0,0.0
Tomatoes,Cabbage,7,0,0.0
Tomatoes,Cucumbers,7,2,28.571428571428573
Tomatoes,Maize,6,0,0.0
Tomatoes,Groundnuts,5,0,0.0
Tomatoes,Garlic,8,1,12.5
Tomatoes,Salt,11,1,9.090909090909092
Tomatoes,Chickpeas,7,0,0.0
Tomatoes,Oranges,6,0,0.0
Tomatoes,Spinach,5,0,0.0
Oil,Bread,18,6,33.333333333333336
Oil,Wheat,10,4,40.0
Oil,Rice,41,13,31.70731707317073
Oil,Wage,10,0,0.0
Oil,Fuel(diesel),21,3,14.285714285714286
Oil,Exchangerate,6,0,0.0
Oil,Beans,28,1,3.5714285714285716
Oil,Potatoes,18,1,5.555555555555555
Oil,Eggs,19,4,21.05263157894737
Oil,Meat,27,4,14.814814814814815
Oil,Sugar,32,6,18.75
Oil,Lentils,14,2,14.285714285714286
Oil,Pasta,13,2,15.384615384615385
Oil,Tomatoes,15,2,13.333333333333334
Oil,Oil,46,0,0.0
Oil,Cheese,10,1,10.0
Oil,Carrots,7,0,0.0
Oil,Onions,15,1,6.666666666666667
Oil,Bananas,7,1,14.285714285714286
Oil,Tea,8,3,37.5
Oil,Fuel(petrol-gasoline),20,2,10.0
Oil,Fish,14,0,0.0
Oil,Apples,8,0,0.0
Oil,Milk,17,5,29.41176470588235
Oil,Flour,32,8,25.0
Oil,Cabbage,8,0,0.0
Oil,Cucumbers,6,0,0.0
Oil,Fuel(kerosene),7,0,0.0
Oil,Sorghum,12,1,8.333333333333334
Oil,Maize,21,3,14.285714285714286
Oil,Millet,8,1,12.5
Oil,Groundnuts,11,1,9.090909090909092
Oil,Peas,6,0,0.0
Oil,Cassava,9,1,11.11111111111111
Oil,Garlic,7,0,0.0
Oil,Plantains,5,1,20.0
Oil,Salt,17,4,23.529411764705884
Oil,Chickpeas,8,1,12.5
Oil,Oranges,5,0,0.0
Cheese,Bread,7,1,14.285714285714286
Cheese,Rice,10,0,0.0
Cheese,Fuel(diesel),5,1,20.0
Cheese,Beans,8,0,0.0
Cheese,Potatoes,8,1,12.5
Cheese,Eggs,9,1,11.11111111111111
Cheese,Meat,10,1,10.0
Cheese,Sugar,10,1,10.0
Cheese,Lentils,9,0,0.0
Cheese,Pasta,9,1,11.11111111111111
Cheese,Tomatoes,10,1,10.0
Cheese,Oil,10,1,10.0
Cheese,Cheese,10,0,0.0
Cheese,Onions,8,1,12.5
Cheese,Bananas,6,2,33.333333333333336
Cheese,Fuel(petrol-gasoline),6,1,16.666666666666668
Cheese,Fish,8,1,12.5
Cheese,Apples,6,0,0.0
Cheese,Milk,8,2,25.0
Cheese,Flour,7,2,28.571428571428573
Cheese,Cucumbers,6,0,0.0
Cheese,Salt,6,1,16.666666666666668
Cheese,Chickpeas,6,0,0.0
Carrots,Bread,5,0,0.0
Carrots,Rice,9,0,0.0
Carrots,Fuel(diesel),7,0,0.0
Carrots,Beans,7,0,0.0
Carrots,Potatoes,9,0,0.0
Carrots,Eggs,9,0,0.0
Carrots,Meat,9,0,0.0
Carrots,Sugar,7,0,0.0
Carrots,Tomatoes,6,0,0.0
Carrots,Oil,7,0,0.0
Carrots,Carrots,9,0,0.0
Carrots,Onions,9,1,11.11111111111111
Carrots,Fuel(petrol-gasoline),7,0,0.0
Carrots,Fish,5,0,0.0
Carrots,Apples,6,0,0.0
Carrots,Milk,8,0,0.0
Carrots,Flour,7,0,0.0
Carrots,Cabbage,8,0,0.0
Carrots,Maize,5,1,20.0
Carrots,Peas,5,0,0.0
Onions,Bread,9,1,11.11111111111111
Onions,Wheat,5,0,0.0
Onions,Rice,18,0,0.0
Onions,Wage,6,0,0.0
Onions,Fuel(diesel),10,0,0.0
Onions,Beans,13,0,0.0
Onions,Potatoes,17,2,11.764705882352942
Onions,Eggs,15,1,6.666666666666667
Onions,Meat,15,1,6.666666666666667
Onions,Sugar,14,0,0.0
Onions,Lentils,9,0,0.0
Onions,Pasta,8,1,12.5
Onions,Tomatoes,14,1,7.142857142857143
Onions,Oil,15,1,6.666666666666667
Onions,Cheese,8,1,12.5
Onions,Carrots,9,1,11.11111111111111
Onions,Onions,18,0,0.0
Onions,Bananas,8,1,12.5
Onions,Tea,7,0,0.0
Onions,Fuel(petrol-gasoline),11,0,0.0
Onions,Fish,8,0,0.0
Onions,Apples,9,0,0.0
Onions,Milk,13,1,7.6923076923076925
Onions,Flour,12,0,0.0
Onions,Cabbage,9,0,0.0
Onions,Cucumbers,6,0,0.0
Onions,Maize,8,0,0.0
Onions,Groundnuts,5,0,0.0
Onions,Peas,7,0,0.0
Onions,Garlic,8,0,0.0
Onions,Salt,10,1,10.0
Onions,Chickpeas,6,0,0.0
Onions,Oranges,6,0,0.0
Bananas,Bread,6,1,16.666666666666668
Bananas,Rice,8,0,0.0
Bananas,Beans,7,0,0.0
Bananas,Potatoes,8,1,12.5
Bananas,Eggs,8,1,12.5
Bananas,Meat,8,1,12.5
Bananas,Sugar,7,1,14.285714285714286
Bananas,Lentils,5,0,0.0
Bananas,Pasta,5,1,20.0
Bananas,Tomatoes,8,1,12.5
Bananas,Oil,7,1,14.285714285714286
Bananas,Cheese,6,2,33.333333333333336
Bananas,Onions,8,1,12.5
Bananas,Bananas,8,0,0.0
Bananas,Fuel(petrol-gasoline),6,1,16.666666666666668
Bananas,Fish,6,1,16.666666666666668
Bananas,Apples,7,0,0.0
Bananas,Milk,8,2,25.0
Bananas,Flour,5,1,20.0
Bananas,Cucumbers,5,0,0.0
Bananas,Garlic,5,0,0.0
Bananas,Salt,5,1,20.0
Bananas,Oranges,6,0,0.0
Tea,Bread,7,0,0.0
Tea,Rice,8,1,12.5
Tea,Fuel(diesel),5,0,0.0
Tea,Beans,6,0,0.0
Tea,Potatoes,7,0,0.0
Tea,Eggs,6,0,0.0
Tea,Meat,7,1,14.285714285714286
Tea,Sugar,8,1,12.5
Tea,Lentils,5,1,20.0
Tea,Tomatoes,6,0,0.0
Tea,Oil,8,3,37.5
Tea,Onions,7,0,0.0
Tea,Tea,8,0,0.0
Tea,Fuel(petrol-gasoline),6,0,0.0
Tea,Fish,5,0,0.0
Tea,Apples,5,0,0.0
Tea,Milk,7,0,0.0
Tea,Flour,7,0,0.0
Tea,Salt,7,0,0.0
Fuel(petrol-gasoline),Bread,10,0,0.0
Fuel(petrol-gasoline),Wheat,6,0,0.0
Fuel(petrol-gasoline),Rice,20,0,0.0
Fuel(petrol-gasoline),Wage,7,1,14.285714285714286
Fuel(petrol-gasoline),Fuel(diesel),20,7,35.0
Fuel(petrol-gasoline),Exchangerate,6,0,0.0
Fuel(petrol-gasoline),Beans,15,1,6.666666666666667
Fuel(petrol-gasoline),Potatoes,12,0,0.0
Fuel(petrol-gasoline),Eggs,14,0,0.0
Fuel(petrol-gasoline),Meat,14,1,7.142857142857143
Fuel(petrol-gasoline),Sugar,17,2,11.764705882352942
Fuel(petrol-gasoline),Lentils,8,0,0.0
Fuel(petrol-gasoline),Pasta,7,2,28.571428571428573
Fuel(petrol-gasoline),Tomatoes,8,0,0.0
Fuel(petrol-gasoline),Oil,20,2,10.0
Fuel(petrol-gasoline),Cheese,6,1,16.666666666666668
Fuel(petrol-gasoline),Carrots,7,0,0.0
Fuel(petrol-gasoline),Onions,11,0,0.0
Fuel(petrol-gasoline),Bananas,6,1,16.666666666666668
Fuel(petrol-gasoline),Tea,6,0,0.0
Fuel(petrol-gasoline),Fuel(petrol-gasoline),22,0,0.0
Fuel(petrol-gasoline),Fish,8,1,12.5
Fuel(petrol-gasoline),Apples,7,0,0.0
Fuel(petrol-gasoline),Milk,13,2,15.384615384615385
Fuel(petrol-gasoline),Flour,16,5,31.25
Fuel(petrol-gasoline),Cabbage,7,0,0.0
Fuel(petrol-gasoline),Fuel(kerosene),6,0,0.0
Fuel(petrol-gasoline),Sorghum,5,1,20.0
Fuel(petrol-gasoline),Maize,11,1,9.090909090909092
Fuel(petrol-gasoline),Groundnuts,5,1,20.0
Fuel(petrol-gasoline),Peas,6,1,16.666666666666668
Fuel(petrol-gasoline),Cassava,6,1,16.666666666666668
Fuel(petrol-gasoline),Salt,10,0,0.0
Fish,Bread,9,1,11.11111111111111
Fish,Rice,15,0,0.0
Fish,Fuel(diesel),7,2,28.571428571428573
Fish,Beans,11,1,9.090909090909092
Fish,Potatoes,9,0,0.0
Fish,Eggs,10,0,0.0
Fish,Meat,15,3,20.0
Fish,Sugar,12,0,0.0
Fish,Lentils,8,0,0.0
Fish,Pasta,7,0,0.0
Fish,Tomatoes,11,0,0.0
Fish,Oil,14,0,0.0
Fish,Cheese,8,1,12.5
Fish,Carrots,5,0,0.0
Fish,Onions,8,0,0.0
Fish,Bananas,6,1,16.666666666666668
Fish,Tea,5,0,0.0
Fish,Fuel(petrol-gasoline),8,1,12.5
Fish,Fish,15,0,0.0
Fish,Apples,7,0,0.0
Fish,Milk,8,0,0.0
Fish,Flour,10,1,10.0
Fish,Cabbage,6,0,0.0
Fish,Cucumbers,6,0,0.0
Fish,Maize,5,0,0.0
Fish,Groundnuts,7,1,14.285714285714286
Fish,Cassava,5,0,0.0
Fish,Garlic,6,0,0.0
Fish,Salt,8,1,12.5
Fish,Chickpeas,6,0,0.0
Fish,Oranges,5,0,0.0
Apples,Bread,6,0,0.0
Apples,Rice,9,0,0.0
Apples,Fuel(diesel),5,0,0.0
Apples,Beans,7,0,0.0
Apples,Potatoes,9,0,0.0
Apples,Eggs,9,1,11.11111111111111
Apples,Meat,9,1,11.11111111111111
Apples,Sugar,8,0,0.0
Apples,Lentils,6,0,0.0
Apples,Pasta,5,0,0.0
Apples,Tomatoes,8,0,0.0
Apples,Oil,8,0,0.0
Apples,Cheese,6,0,0.0
Apples,Carrots,6,0,0.0
Apples,Onions,9,0,0.0
Apples,Bananas,7,0,0.0
Apples,Tea,5,0,0.0
Apples,Fuel(petrol-gasoline),7,0,0.0
Apples,Fish,7,0,0.0
Apples,Apples,9,0,0.0
Apples,Milk,9,0,0.0
Apples,Flour,7,0,0.0
Apples,Cabbage,6,0,0.0
Apples,Cucumbers,6,0,0.0
Apples,Garlic,5,0,0.0
Apples,Salt,5,0,0.0
Apples,Oranges,6,0,0.0
Milk,Bread,11,3,27.272727272727273
Milk,Wheat,7,2,28.571428571428573
Milk,Rice,18,1,5.555555555555555
Milk,Wage,5,0,0.0
Milk,Fuel(diesel),12,1,8.333333333333334
Milk,Beans,13,1,7.6923076923076925
Milk,Potatoes,15,1,6.666666666666667
Milk,Eggs,15,3,20.0
Milk,Meat,16,5,31.25
Milk,Sugar,17,4,23.529411764705884
Milk,Lentils,10,1,10.0
Milk,Pasta,10,1,10.0
Milk,Tomatoes,11,2,18.181818181818183
Milk,Oil,17,5,29.41176470588235
Milk,Cheese,8,2,25.0
Milk,Carrots,8,0,0.0
Milk,Onions,13,1,7.6923076923076925
Milk,Bananas,8,2,25.0
Milk,Tea,7,0,0.0
Milk,Fuel(petrol-gasoline),13,2,15.384615384615385
Milk,Fish,8,0,0.0
Milk,Apples,9,0,0.0
Milk,Milk,20,0,0.0
Milk,Flour,15,1,6.666666666666667
Milk,Cabbage,9,0,0.0
Milk,Cucumbers,7,0,0.0
Milk,Fuel(kerosene),5,1,20.0
Milk,Sorghum,5,0,0.0
Milk,Maize,9,1,11.11111111111111
Milk,Peas,6,0,0.0
Milk,Garlic,5,0,0.0
Milk,Salt,10,2,20.0
Milk,Chickpeas,6,0,0.0
Milk,Oranges,6,0,0.0
Milk,Spinach,5,0,0.0
Flour,Bread,13,5,38.46153846153846
Flour,Wheat,8,3,37.5
Flour,Rice,37,9,24.324324324324323
Flour,Wage,7,1,14.285714285714286
Flour,Fuel(diesel),16,7,43.75
Flour,Exchangerate,6,0,0.0
Flour,Beans,29,5,17.24137931034483
Flour,Potatoes,15,0,0.0
Flour,Eggs,14,1,7.142857142857143
Flour,Meat,20,2,10.0
Flour,Sugar,27,3,11.11111111111111
Flour,Lentils,12,1,8.333333333333334
Flour,Pasta,11,4,36.36363636363637
Flour,Tomatoes,12,0,0.0
Flour,Oil,32,8,25.0
Flour,Cheese,7,2,28.571428571428573
Flour,Carrots,7,0,0.0
Flour,Onions,12,0,0.0
Flour,Bananas,5,1,20.0
Flour,Tea,7,0,0.0
Flour,Fuel(petrol-gasoline),16,5,31.25
Flour,Fish,10,1,10.0
Flour,Apples,7,0,0.0
Flour,Milk,15,1,6.666666666666667
Flour,Flour,43,0,0.0
Flour,Cabbage,9,0,0.0
Flour,Cucumbers,6,0,0.0
Flour,Fuel(kerosene),6,0,0.0
Flour,Sorghum,13,1,7.6923076923076925
Flour,Maize,21,6,28.571428571428573
Flour,Millet,8,2,25.0
Flour,Groundnuts,11,0,0.0
Flour,Peas,8,0,0.0
Flour,Cassava,8,2,25.0
Flour,Garlic,5,0,0.0
Flour,Salt,14,4,28.571428571428573
Flour,Chickpeas,6,1,16.666666666666668
Flour,Oranges,5,0,0.0
Cabbage,Bread,6,0,0.0
Cabbage,Rice,10,0,0.0
Cabbage,Fuel(diesel),6,0,0.0
Cabbage,Beans,8,0,0.0
Cabbage,Potatoes,9,0,0.0
Cabbage,Eggs,10,0,0.0
Cabbage,Meat,10,0,0.0
Cabbage,Sugar,8,0,0.0
Cabbage,Pasta,5,0,0.0
Cabbage,Tomatoes,7,0,0.0
Cabbage,Oil,8,0,0.0
Cabbage,Carrots,8,0,0.0
Cabbage,Onions,9,0,0.0
Cabbage,Fuel(petrol-gasoline),7,0,0.0
Cabbage,Fish,6,0,0.0
Cabbage,Apples,6,0,0.0
Cabbage,Milk,9,0,0.0
Cabbage,Flour,9,0,0.0
Cabbage,Cabbage,10,0,0.0
Cabbage,Cucumbers,5,0,0.0
Cabbage,Maize,5,0,0.0
Cabbage,Peas,5,0,0.0
Cabbage,Garlic,5,0,0.0
Cabbage,Salt,6,0,0.0
Cucumbers,Rice,7,0,0.0
Cucumbers,Beans,5,1,20.0
Cucumbers,Potatoes,6,0,0.0
Cucumbers,Eggs,7,0,0.0
Cucumbers,Meat,7,0,0.0
Cucumbers,Sugar,6,1,16.666666666666668
Cucumbers,Lentils,6,0,0.0
Cucumbers,Pasta,5,0,0.0
Cucumbers,Tomatoes,7,2,28.571428571428573
Cucumbers,Oil,6,0,0.0
Cucumbers,Cheese,6,0,0.0
Cucumbers,Onions,6,0,0.0
Cucumbers,Bananas,5,0,0.0
Cucumbers,Fish,6,0,0.0
Cucumbers,Apples,6,0,0.0
Cucumbers,Milk,7,0,0.0
Cucumbers,Flour,6,0,0.0
Cucumbers,Cabbage,5,0,0.0
Cucumbers,Cucumbers,7,0,0.0
Cucumbers,Chickpeas,5,0,0.0
Cucumbers,Oranges,5,0,0.0
Cucumbers,Spinach,5,0,0.0
Fuel(kerosene),Rice,7,1,14.285714285714286
Fuel(kerosene),Fuel(diesel),6,0,0.0
Fuel(kerosene),Beans,5,0,0.0
Fuel(kerosene),Sugar,6,1,16.666666666666668
Fuel(kerosene),Oil,7,0,0.0
Fuel(kerosene),Fuel(petrol-gasoline),6,0,0.0
Fuel(kerosene),Milk,5,1,20.0
Fuel(kerosene),Flour,6,0,0.0
Fuel(kerosene),Fuel(kerosene),8,0,0.0
Sorghum,Wheat,7,1,14.285714285714286
Sorghum,Rice,19,3,15.789473684210526
Sorghum,Fuel(diesel),6,1,16.666666666666668
Sorghum,Beans,18,4,22.22222222222222
Sorghum,Sugar,7,0,0.0
Sorghum,Oil,12,1,8.333333333333334
Sorghum,Fuel(petrol-gasoline),5,1,20.0
Sorghum,Milk,5,0,0.0
Sorghum,Flour,13,1,7.6923076923076925
Sorghum,Sorghum,24,0,0.0
Sorghum,Maize,20,11,55.0
Sorghum,Millet,16,9,56.25
Sorghum,Groundnuts,8,0,0.0
Sorghum,Cassava,5,1,20.0
Maize,Bread,7,2,28.571428571428573
Maize,Wheat,7,2,28.571428571428573
Maize,Rice,35,10,28.571428571428573
Maize,Fuel(diesel),13,1,7.6923076923076925
Maize,Exchangerate,6,0,0.0
Maize,Beans,30,4,13.333333333333334
Maize,Potatoes,10,0,0.0
Maize,Eggs,7,1,14.285714285714286
Maize,Meat,14,2,14.285714285714286
Maize,Sugar,13,1,7.6923076923076925
Maize,Tomatoes,6,0,0.0
Maize,Oil,21,3,14.285714285714286
Maize,Carrots,5,1,20.0
Maize,Onions,8,0,0.0
Maize,Fuel(petrol-gasoline),11,1,9.090909090909092
Maize,Fish,5,0,0.0
Maize,Milk,9,1,11.11111111111111
Maize,Flour,21,6,28.571428571428573
Maize,Cabbage,5,0,0.0
Maize,Sorghum,20,11,55.0
Maize,Maize,39,0,0.0
Maize,Millet,14,9,64.28571428571429
Maize,Groundnuts,13,0,0.0
Maize,Peas,7,0,0.0
Maize,Cassava,11,1,9.090909090909092
Maize,Plantains,5,0,0.0
Maize,Salt,10,1,10.0
Millet,Rice,12,3,25.0
Millet,Beans,12,2,16.666666666666668
Millet,Oil,8,1,12.5
Millet,Flour,8,2,25.0
Millet,Sorghum,16,9,56.25
Millet,Maize,14,9,64.28571428571429
Millet,Millet,16,0,0.0
Millet,Groundnuts,6,0,0.0
Sweetpotatoes,Rice,5,0,0.0
Sweetpotatoes,Beans,5,0,0.0
Sweetpotatoes,Sweetpotatoes,5,0,0.0
Groundnuts,Bread,5,0,0.0
Groundnuts,Rice,14,2,14.285714285714286
Groundnuts,Beans,15,2,13.333333333333334
Groundnuts,Potatoes,5,0,0.0
Groundnuts,Meat,9,0,0.0
Groundnuts,Sugar,6,1,16.666666666666668
Groundnuts,Tomatoes,5,0,0.0
Groundnuts,Oil,11,1,9.090909090909092
Groundnuts,Onions,5,0,0.0
Groundnuts,Fuel(petrol-gasoline),5,1,20.0
Groundnuts,Fish,7,1,14.285714285714286
Groundnuts,Flour,11,0,0.0
Groundnuts,Sorghum,8,0,0.0
Groundnuts,Maize,13,0,0.0
Groundnuts,Millet,6,0,0.0
Groundnuts,Groundnuts,16,0,0.0
Groundnuts,Cassava,9,0,0.0
Peas,Wheat,5,0,0.0
Peas,Rice,8,0,0.0
Peas,Fuel(diesel),6,1,16.666666666666668
Peas,Beans,9,1,11.11111111111111
Peas,Potatoes,6,0,0.0
Peas,Eggs,6,0,0.0
Peas,Meat,5,0,0.0
Peas,Sugar,6,0,0.0
Peas,Oil,6,0,0.0
Peas,Carrots,5,0,0.0
Peas,Onions,7,0,0.0
Peas,Fuel(petrol-gasoline),6,1,16.666666666666668
Peas,Milk,6,0,0.0
Peas,Flour,8,0,0.0
Peas,Cabbage,5,0,0.0
Peas,Maize,7,0,0.0
Peas,Peas,9,0,0.0
Peas,Salt,5,0,0.0
Cassava,Rice,12,1,8.333333333333334
Cassava,Fuel(diesel),6,1,16.666666666666668
Cassava,Beans,10,1,10.0
Cassava,Meat,8,0,0.0
Cassava,Oil,9,1,11.11111111111111
Cassava,Fuel(petrol-gasoline),6,1,16.666666666666668
Cassava,Fish,5,0,0.0
Cassava,Flour,8,2,25.0
Cassava,Sorghum,5,1,20.0
Cassava,Maize,11,1,9.090909090909092
Cassava,Groundnuts,9,0,0.0
Cassava,Cassava,13,0,0.0
Cassava,Plantains,5,0,0.0
Garlic,Rice,9,0,0.0
Garlic,Beans,7,1,14.285714285714286
Garlic,Potatoes,8,0,0.0
Garlic,Eggs,8,0,0.0
Garlic,Meat,9,0,0.0
Garlic,Sugar,6,1,16.666666666666668
Garlic,Tomatoes,8,1,12.5
Garlic,Oil,7,0,0.0
Garlic,Onions,8,0,0.0
Garlic,Bananas,5,0,0.0
Garlic,Fish,6,0,0.0
Garlic,Apples,5,0,0.0
Garlic,Milk,5,0,0.0
Garlic,Flour,5,0,0.0
Garlic,Cabbage,5,0,0.0
Garlic,Garlic,9,0,0.0
Garlic,Oranges,5,0,0.0
Plantains,Rice,6,0,0.0
Plantains,Meat,5,1,20.0
Plantains,Oil,5,1,20.0
Plantains,Maize,5,0,0.0
Plantains,Cassava,5,0,0.0
Plantains,Plantains,6,0,0.0
Salt,Bread,9,3,33.333333333333336
Salt,Wheat,6,1,16.666666666666668
Salt,Rice,17,3,17.647058823529413
Salt,Wage,8,0,0.0
Salt,Fuel(diesel),10,0,0.0
Salt,Beans,13,2,15.384615384615385
Salt,Potatoes,11,2,18.181818181818183
Salt,Eggs,10,2,20.0
Salt,Meat,13,3,23.076923076923077
Salt,Sugar,16,3,18.75
Salt,Lentils,8,1,12.5
Salt,Pasta,5,2,40.0
Salt,Tomatoes,11,1,9.090909090909092
Salt,Oil,17,4,23.529411764705884
Salt,Cheese,6,1,16.666666666666668
Salt,Onions,10,1,10.0
Salt,Bananas,5,1,20.0
Salt,Tea,7,0,0.0
Salt,Fuel(petrol-gasoline),10,0,0.0
Salt,Fish,8,1,12.5
Salt,Apples,5,0,0.0
Salt,Milk,10,2,20.0
Salt,Flour,14,4,28.571428571428573
Salt,Cabbage,6,0,0.0
Salt,Maize,10,1,10.0
Salt,Peas,5,0,0.0
Salt,Salt,17,0,0.0
Salt,Chickpeas,7,1,14.285714285714286
Chickpeas,Bread,6,1,16.666666666666668
Chickpeas,Rice,8,1,12.5
Chickpeas,Wage,5,0,0.0
Chickpeas,Beans,6,0,0.0
Chickpeas,Potatoes,6,0,0.0
Chickpeas,Eggs,6,0,0.0
Chickpeas,Meat,8,0,0.0
Chickpeas,Sugar,7,1,14.285714285714286
Chickpeas,Lentils,6,0,0.0
Chickpeas,Pasta,5,0,0.0
Chickpeas,Tomatoes,7,0,0.0
Chickpeas,Oil,8,1,12.5
Chickpeas,Cheese,6,0,0.0
Chickpeas,Onions,6,0,0.0
Chickpeas,Fish,6,0,0.0
Chickpeas,Milk,6,0,0.0
Chickpeas,Flour,6,1,16.666666666666668
Chickpeas,Cucumbers,5,0,0.0
Chickpeas,Salt,7,1,14.285714285714286
Chickpeas,Chickpeas,8,0,0.0
Oranges,Rice,6,0,0.0
Oranges,Beans,5,0,0.0
Oranges,Potatoes,6,0,0.0
Oranges,Eggs,6,0,0.0
Oranges,Meat,6,0,0.0
Oranges,Sugar,5,0,0.0
Oranges,Tomatoes,6,0,0.0
Oranges,Oil,5,0,0.0
Oranges,Onions,6,0,0.0
Oranges,Bananas,6,0,0.0
Oranges,Fish,5,0,0.0
Oranges,Apples,6,0,0.0
Oranges,Milk,6,0,0.0
Oranges,Flour,5,0,0.0
Oranges,Cucumbers,5,0,0.0
Oranges,Garlic,5,0,0.0
Oranges,Oranges,6,0,0.0
Spinach,Rice,5,0,0.0
Spinach,Beans,5,0,0.0
Spinach,Eggs,5,0,0.0
Spinach,Meat,5,0,0.0
Spinach,Tomatoes,5,0,0.0
Spinach,Milk,5,0,0.0
Spinach,Cucumbers,5,0,0.0
Spinach,Spinach,5,0,0.0